Word,Tag,Index,Polarity,Positive,Negative,Objective
hot,a,21,objective,0.0,0.0,1.0
traffic_circle,n,01,objective,0.0,0.0,1.0
descent,n,02,objective,0.0,0.0,1.0
obsolete,a,02,objective,0.0,0.0,1.0
project,v,08,objective,0.0,0.0,1.0
on_the_far_side,r,01,objective,0.0,0.0,1.0
dresser,n,04,objective,0.0,0.0,1.0
discard,n,02,objective,0.0,0.0,1.0
wonderful,a,01,positive,1.0,0.0,0.0
iron_heel,n,01,negative,0.0,0.5,0.5
mesh,v,01,objective,0.0,0.0,1.0
negotiate,v,01,objective,0.0,0.0,1.0
spicy,a,03,objective,0.0,0.0,1.0
wedding,n,01,objective,0.0,0.0,1.0
collar,n,05,objective,0.13,0.13,0.74
c,n,06,objective,0.0,0.0,1.0
good,a,17,positive,1.0,0.0,0.0
beginning,n,04,objective,0.0,0.0,1.0
need,n,01,negative,0.0,0.5,0.5
real_number,n,01,objective,0.0,0.0,1.0
stock,n,06,objective,0.0,0.0,1.0
suit,n,05,positive,0.75,0.0,0.25
inferno,n,01,negative,0.0,1.0,0.0
yip,v,01,objective,0.0,0.0,1.0
intelligible,a,01,positive,0.25,0.0,0.75
see,v,07,objective,0.0,0.0,1.0
dollar,n,04,negative,0.0,0.25,0.75
boot,n,04,objective,0.0,0.0,1.0
account_book,n,01,objective,0.0,0.0,1.0
consistent,a,04,objective,0.0,0.0,1.0
upright,n,01,objective,0.0,0.0,1.0
get,v,33,negative,0.0,0.75,0.25
booze,n,01,objective,0.0,0.0,1.0
burning,n,03,objective,0.0,0.0,1.0
ring,v,04,objective,0.0,0.0,1.0
babble,v,03,objective,0.0,0.0,1.0
strong_drink,n,01,objective,0.0,0.0,1.0
upright,a,01,objective,0.0,0.0,1.0
blaze,n,02,negative,0.0,1.0,0.0
idiom,n,04,objective,0.0,0.0,1.0
destroy,v,01,negative,0.0,1.0,0.0
nip,n,03,objective,0.0,0.0,1.0
together,r,04,positive,0.25,0.0,0.75
crump,v,01,objective,0.0,0.0,1.0
reanimate,v,01,positive,1.0,0.0,0.0
cell,n,04,objective,0.0,0.0,1.0
rescue,n,01,positive,1.0,0.0,0.0
snatch,n,05,objective,0.0,0.0,1.0
lowly,a,03,negative,0.0,0.25,0.75
operate,v,06,objective,0.0,0.0,1.0
terrific,a,02,positive,1.0,0.0,0.0
despite,n,01,negative,0.0,1.0,0.0
abandon,v,05,negative,0.0,1.0,0.0
apprehensible,a,01,positive,0.25,0.0,0.75
revivify,v,01,positive,1.0,0.0,0.0
sweet,n,03,objective,0.0,0.0,1.0
circle,v,01,objective,0.0,0.0,1.0
inactive,a,11,objective,0.0,0.0,1.0
wangle,v,02,negative,0.0,1.0,0.0
real,a,04,positive,1.0,0.0,0.0
toss_away,v,01,objective,0.13,0.13,0.74
sombre,a,02,negative,0.0,0.25,0.75
clump,n,02,objective,0.0,0.0,1.0
rhythm,n,01,objective,0.0,0.0,1.0
shortcoming,n,01,negative,0.0,1.0,0.0
real,a,07,objective,0.0,0.0,1.0
thud,v,02,objective,0.0,0.0,1.0
ct,n,02,objective,0.0,0.0,1.0
clapping,n,01,positive,0.5,0.0,0.5
aloud,r,01,objective,0.0,0.0,1.0
corn,n,06,objective,0.0,0.0,1.0
traverse,n,02,objective,0.0,0.0,1.0
bathe,n,01,objective,0.0,0.0,1.0
stephen_collins_foster,n,01,objective,0.0,0.0,1.0
monitor,n,06,objective,0.0,0.0,1.0
disturb,v,02,negative,0.0,0.25,0.75
sweet,n,02,objective,0.0,0.0,1.0
demand,n,03,negative,0.0,0.5,0.5
gratify,v,01,positive,1.0,0.0,0.0
overture,n,03,objective,0.13,0.13,0.74
horrible,a,01,negative,0.0,1.0,0.0
wise,a,05,positive,0.5,0.0,0.5
turn_down,v,03,negative,0.0,1.0,0.0
grab,v,01,objective,0.0,0.0,1.0
hell,n,01,negative,0.0,1.0,0.0
atrocious,a,03,negative,0.0,1.0,0.0
unknowing,a,01,negative,0.0,1.0,0.0
fruit,v,02,objective,0.0,0.0,1.0
noesis,n,01,objective,0.0,0.0,1.0
smoke,n,06,objective,0.0,0.0,1.0
miner,n,01,objective,0.0,0.0,1.0
cosy,n,01,objective,0.0,0.0,1.0
inception,n,01,objective,0.0,0.0,1.0
polish,n,02,positive,1.0,0.0,0.0
advance,v,12,objective,0.0,0.0,1.0
distinctive,a,02,objective,0.0,0.0,1.0
baseball_game,n,01,objective,0.0,0.0,1.0
bubble,v,01,objective,0.0,0.0,1.0
grandness,n,03,positive,1.0,0.0,0.0
caranx_crysos,n,01,objective,0.0,0.0,1.0
animate,v,04,positive,1.0,0.0,0.0
wise,a,02,positive,1.0,0.0,0.0
advance,a,01,positive,0.25,0.0,0.75
empurpled,n,01,objective,0.0,0.0,1.0
harmful,a,05,negative,0.0,1.0,0.0
selfishness,n,01,negative,0.0,1.0,0.0
hombre,n,01,objective,0.25,0.25,0.5
flaw,n,01,negative,0.0,1.0,0.0
gurgle,v,01,objective,0.0,0.0,1.0
dressing_table,n,01,objective,0.0,0.0,1.0
religious,n,01,objective,0.0,0.0,1.0
manipulate,v,02,objective,0.0,0.0,1.0
corn,v,01,objective,0.0,0.0,1.0
pick_up,v,14,objective,0.0,0.0,1.0
conduct,v,03,objective,0.0,0.0,1.0
stir_up,v,03,negative,0.0,0.25,0.75
enmesh,v,01,negative,0.0,0.5,0.5
nonplus,v,01,negative,0.0,0.75,0.25
affair,n,01,objective,0.0,0.0,1.0
courting,n,01,positive,0.75,0.0,0.25
refine,v,06,positive,0.25,0.0,0.75
valorousness,n,01,positive,1.0,0.0,0.0
win,v,03,positive,0.75,0.0,0.25
noted,a,01,positive,1.0,0.0,0.0
slaughter,n,03,negative,0.0,1.0,0.0
defect,n,03,negative,0.0,1.0,0.0
muriel_sarah_spark,n,01,objective,0.0,0.0,1.0
anguish,n,02,negative,0.0,1.0,0.0
contradiction,n,02,objective,0.0,0.0,1.0
confection,n,01,objective,0.0,0.0,1.0
able,a,02,positive,1.0,0.0,0.0
suffering,n,02,negative,0.0,1.0,0.0
loud,r,01,objective,0.0,0.0,1.0
knowing,a,01,positive,0.5,0.0,0.5
cocksucker,n,02,negative,0.0,1.0,0.0
insurance_policy,n,01,objective,0.0,0.0,1.0
sturdy,a,01,positive,0.75,0.0,0.25
maize,n,01,objective,0.0,0.0,1.0
killer,n,01,negative,0.0,1.0,0.0
imperative,n,01,objective,0.0,0.0,1.0
renowned,a,01,positive,1.0,0.0,0.0
involvement,n,03,positive,0.5,0.0,0.5
authorities,n,01,objective,0.0,0.0,1.0
formulate,v,03,objective,0.0,0.0,1.0
expense,n,01,objective,0.0,0.0,1.0
noble,a,01,positive,1.0,0.0,0.0
corn_whiskey,n,01,objective,0.0,0.0,1.0
palliate,v,02,positive,1.0,0.0,0.0
monitor,n,05,objective,0.0,0.0,1.0
good,a,09,positive,1.0,0.0,0.0
federal,n,01,objective,0.0,0.0,1.0
upright,n,02,objective,0.0,0.0,1.0
good,r,01,positive,1.0,0.0,0.0
vile,a,01,negative,0.0,1.0,0.0
disturb,v,01,negative,0.0,1.0,0.0
brush_up,v,02,positive,1.0,0.0,0.0
necessitate,v,01,objective,0.125,0.125,0.75
unqualified,a,03,negative,0.0,0.5,0.5
yearn,v,01,objective,0.375,0.375,0.25
pooh-pooh,v,02,negative,0.0,1.0,0.0
federal,a,04,objective,0.0,0.0,1.0
rearing,a,01,objective,0.0,0.0,1.0
activate,v,01,objective,0.0,0.0,1.0
explosive,a,02,negative,0.0,0.75,0.25
abstract,n,02,objective,0.0,0.0,1.0
upright,a,04,objective,0.0,0.0,1.0
excitement,n,02,objective,0.38,0.38,0.24
sheet,n,03,objective,0.0,0.0,1.0
calumnious,a,01,negative,0.0,1.0,0.0
soh,n,01,objective,0.0,0.0,1.0
project,v,11,objective,0.0,0.0,1.0
raising,n,02,objective,0.0,0.0,1.0
butchery,n,01,objective,0.0,0.0,1.0
soundness,n,01,positive,1.0,0.0,0.0
labor,n,07,objective,0.0,0.0,1.0
disused,a,01,objective,0.0,0.0,1.0
circle,n,05,objective,0.0,0.0,1.0
together,r,02,objective,0.0,0.0,1.0
spice,v,02,objective,0.0,0.0,1.0
religious,a,02,objective,0.0,0.0,1.0
marking,n,01,objective,0.0,0.0,1.0
stoicism,n,02,objective,0.0,0.0,1.0
reboot,v,01,objective,0.0,0.0,1.0
in_the_main,r,01,objective,0.0,0.0,1.0
offer,v,03,positive,0.75,0.0,0.25
singly,r,01,objective,0.0,0.0,1.0
charge,n,13,positive,1.0,0.0,0.0
circulate,v,05,objective,0.0,0.0,1.0
desirable,a,02,positive,1.0,0.0,0.0
trap,v,03,negative,0.0,0.25,0.75
revert,v,02,objective,0.0,0.0,1.0
dishearten,v,01,negative,0.0,1.0,0.0
politics,n,02,objective,0.0,0.0,1.0
dreary,a,01,negative,0.0,1.0,0.0
inflexible,a,02,objective,0.375,0.375,0.25
tack,n,04,objective,0.0,0.0,1.0
bathe,v,03,objective,0.0,0.0,1.0
forget_me_drug,n,01,negative,0.0,1.0,0.0
excitation,n,01,objective,0.38,0.38,0.24
bath,v,01,objective,0.0,0.0,1.0
advance,v,02,objective,0.0,0.0,1.0
flowerpot,n,01,objective,0.0,0.0,1.0
ripple,v,02,objective,0.0,0.0,1.0
how_come,r,01,objective,0.0,0.0,1.0
convert,v,09,positive,0.5,0.0,0.5
base_hit,n,01,objective,0.0,0.0,1.0
gain_ground,v,01,positive,0.75,0.0,0.25
relation_back,n,01,objective,0.0,0.0,1.0
distinctive,a,03,objective,0.0,0.0,1.0
idiomatic_expression,n,01,objective,0.0,0.0,1.0
bitchiness,n,01,negative,0.0,1.0,0.0
computed_axial_tomography,n,01,objective,0.0,0.0,1.0
sweet,a,08,objective,0.0,0.0,1.0
behave,v,02,objective,0.0,0.0,1.0
shroud,v,03,objective,0.0,0.0,1.0
perplex,v,01,negative,0.0,0.75,0.25
round_off,v,02,positive,1.0,0.0,0.0
contrabandist,n,01,negative,0.0,1.0,0.0
nonobjective,a,01,objective,0.0,0.0,1.0
affluence,n,01,positive,1.0,0.0,0.0
accommodate,v,06,objective,0.13,0.13,0.74
thusly,r,01,objective,0.0,0.0,1.0
set_off,v,01,objective,0.0,0.0,1.0
rotten,a,01,negative,0.0,1.0,0.0
loveless,a,02,negative,0.0,1.0,0.0
good,a,03,positive,1.0,0.0,0.0
polish,n,01,positive,0.25,0.0,0.75
catch,v,19,negative,0.0,1.0,0.0
canvas,n,05,objective,0.0,0.0,1.0
replacement,n,01,objective,0.0,0.0,1.0
trouble,v,01,negative,0.0,1.0,0.0
transposition,n,02,objective,0.0,0.0,1.0
disdain,v,01,negative,0.0,1.0,0.0
bastardly,a,01,negative,0.0,1.0,0.0
dame_muriel_spark,n,01,objective,0.0,0.0,1.0
origin,n,01,objective,0.0,0.0,1.0
computed_tomography,n,01,objective,0.0,0.0,1.0
recreate,v,03,positive,1.0,0.0,0.0
beneficent,a,03,positive,1.0,0.0,0.0
wonder,v,01,positive,0.25,0.0,0.75
purplish,a,01,objective,0.0,0.0,1.0
sorry,a,06,negative,0.0,1.0,0.0
electrostatic,a,01,objective,0.0,0.0,1.0
literal,a,01,objective,0.25,0.25,0.5
nest,v,01,objective,0.0,0.0,1.0
rattling,r,01,objective,0.0,0.0,1.0
condom,n,01,objective,0.0,0.0,1.0
polish,v,01,objective,0.0,0.0,1.0
visualize,v,01,objective,0.0,0.0,1.0
federal,a,03,objective,0.0,0.0,1.0
majestic,a,02,positive,1.0,0.0,0.0
reprehensible,a,01,negative,0.0,1.0,0.0
illustrious,a,01,positive,1.0,0.0,0.0
anguish,n,01,negative,0.0,1.0,0.0
pot,n,02,objective,0.0,0.0,1.0
exam,n,01,objective,0.0,0.0,1.0
burning,n,01,objective,0.0,0.0,1.0
gusto,n,01,positive,1.0,0.0,0.0
snap,n,01,objective,0.0,0.0,1.0
government,n,02,objective,0.0,0.0,1.0
yelping,n,01,objective,0.0,0.0,1.0
son_of_a_bitch,n,01,negative,0.0,1.0,0.0
demand,n,02,negative,0.0,0.75,0.25
virtuous,a,01,positive,1.0,0.0,0.0
encircle,v,01,objective,0.0,0.0,1.0
presumptuous,a,01,negative,0.0,1.0,0.0
by-blow,n,01,negative,0.0,1.0,0.0
disdain,n,01,negative,0.0,1.0,0.0
origin,n,03,objective,0.0,0.0,1.0
donjon,n,01,objective,0.0,0.0,1.0
ignorant,a,03,negative,0.0,1.0,0.0
spark,n,01,objective,0.0,0.0,1.0
environ,v,01,objective,0.0,0.0,1.0
thus,r,02,objective,0.0,0.0,1.0
underline,v,01,objective,0.13,0.13,0.74
tough,a,04,positive,0.5,0.0,0.5
boot,n,03,positive,1.0,0.0,0.0
violet,a,01,objective,0.0,0.0,1.0
misdeed,n,01,negative,0.0,1.0,0.0
mary_jane,n,01,objective,0.0,0.0,1.0
wise,a,04,positive,1.0,0.0,0.0
switch,n,02,objective,0.0,0.0,1.0
discharge,n,05,objective,0.0,0.0,1.0
rubber,n,03,objective,0.0,0.0,1.0
interest,n,03,objective,0.0,0.0,1.0
cell,n,05,objective,0.0,0.0,1.0
jackpot,n,01,objective,0.0,0.0,1.0
affliction,n,03,negative,0.0,1.0,0.0
kick,n,02,positive,1.0,0.0,0.0
orca,n,01,objective,0.0,0.0,1.0
misrepresent,v,02,negative,0.0,1.0,0.0
freeze_off,v,01,negative,0.0,1.0,0.0
worth,a,02,objective,0.0,0.0,1.0
satisfy,v,02,positive,1.0,0.0,0.0
gain,v,05,positive,0.75,0.0,0.25
real,a,01,positive,0.25,0.0,0.75
mongrel,n,01,negative,0.0,1.0,0.0
recreate,v,01,positive,1.0,0.0,0.0
progress,v,02,objective,0.0,0.0,1.0
inflexible,a,04,negative,0.0,1.0,0.0
despise,v,01,negative,0.0,1.0,0.0
phrase,n,02,objective,0.0,0.0,1.0
volunteer,v,02,positive,0.75,0.0,0.25
killer,n,04,objective,0.0,0.0,1.0
sensitive,a,05,negative,0.0,0.25,0.75
cerement,n,01,objective,0.0,0.0,1.0
cuddle,v,01,positive,0.25,0.0,0.75
liar,n,01,negative,0.0,1.0,0.0
recoil,n,01,objective,0.0,0.0,1.0
weather_sheet,n,01,objective,0.0,0.0,1.0
spark,v,01,objective,0.0,0.0,1.0
runner,n,09,objective,0.0,0.0,1.0
advance,n,01,objective,0.0,0.0,1.0
burnish,n,01,positive,0.25,0.0,0.75
kitty,n,02,objective,0.0,0.0,1.0
yap,v,01,objective,0.0,0.0,1.0
bounce,v,01,objective,0.0,0.0,1.0
unwitting,a,03,negative,0.0,1.0,0.0
give_up,v,10,negative,0.0,0.25,0.75
intercourse,n,02,objective,0.0,0.0,1.0
proctor,n,01,objective,0.0,0.0,1.0
feeler,n,02,objective,0.13,0.13,0.74
demand,n,04,objective,0.0,0.0,1.0
neutralize,v,04,negative,0.0,1.0,0.0
throw_away,v,01,objective,0.13,0.13,0.74
network,n,03,objective,0.0,0.0,1.0
interest,n,06,objective,0.0,0.0,1.0
task,n,01,objective,0.0,0.0,1.0
fruit,v,01,objective,0.0,0.0,1.0
cozy,n,01,objective,0.0,0.0,1.0
governing,n,01,objective,0.0,0.0,1.0
together,r,06,positive,0.25,0.0,0.75
scorn,n,01,negative,0.0,1.0,0.0
thumping,n,01,objective,0.0,0.0,1.0
obsolete,a,01,negative,0.0,0.25,0.75
cosey,n,01,objective,0.0,0.0,1.0
cast_out,v,02,objective,0.13,0.13,0.74
guilt_feelings,n,01,negative,0.0,1.0,0.0
tremendous,a,02,positive,1.0,0.0,0.0
magnificence,n,02,positive,1.0,0.0,0.0
wise,n,02,objective,0.0,0.0,1.0
woefulness,n,01,negative,0.0,1.0,0.0
sens,n,01,objective,0.0,0.0,1.0
able,a,03,positive,0.75,0.0,0.25
set_phrase,n,01,objective,0.0,0.0,1.0
volatile,a,03,negative,0.0,1.0,0.0
guilty_conscience,n,01,negative,0.0,1.0,0.0
anguish,v,01,negative,0.0,1.0,0.0
chest,n,02,objective,0.0,0.0,1.0
blood,n,02,objective,0.0,0.0,1.0
interlocking,n,01,objective,0.0,0.0,1.0
polish_off,v,02,negative,0.0,1.0,0.0
bound,v,04,objective,0.0,0.0,1.0
abstractionist,a,01,objective,0.0,0.0,1.0
conciliation,n,03,positive,0.75,0.0,0.25
alleviate,v,02,positive,1.0,0.0,0.0
facilitate,v,01,positive,1.0,0.0,0.0
charles_frederick_worth,n,01,objective,0.0,0.0,1.0
tabloid,n,02,objective,0.0,0.0,1.0
sweet,n,05,objective,0.0,0.0,1.0
purple,n,01,objective,0.0,0.0,1.0
electric_arc,n,01,objective,0.0,0.0,1.0
advance,v,09,positive,1.0,0.0,0.0
marker,n,01,objective,0.0,0.0,1.0
good,a,23,positive,1.0,0.0,0.0
edible_corn,n,01,objective,0.0,0.0,1.0
set,n,05,objective,0.0,0.0,1.0
descent,n,06,objective,0.0,0.0,1.0
wonder,n,02,positive,1.0,0.0,0.0
plural,a,01,objective,0.0,0.0,1.0
disdain,v,02,negative,0.0,1.0,0.0
tangible,a,02,positive,0.5,0.0,0.5
relation,n,03,objective,0.0,0.0,1.0
abandon,n,01,negative,0.0,0.75,0.25
tea_cosy,n,01,objective,0.0,0.0,1.0
cameroon,n,02,objective,0.0,0.0,1.0
pot,n,07,objective,0.0,0.0,1.0
john_barleycorn,n,01,objective,0.0,0.0,1.0
good,n,02,positive,1.0,0.0,0.0
arrest,n,01,objective,0.13,0.13,0.74
brilliance,n,03,positive,1.0,0.0,0.0
perplex,v,02,negative,0.0,1.0,0.0
taking_into_custody,n,01,objective,0.13,0.13,0.74
shake_up,v,05,negative,0.0,0.25,0.75
see,v,04,objective,0.0,0.0,1.0
inauspicious,a,02,negative,0.0,1.0,0.0
unconstraint,n,01,negative,0.0,0.75,0.25
sensitive,a,04,negative,0.0,1.0,0.0
courtship,n,01,positive,0.75,0.0,0.25
thing,n,08,objective,0.0,0.0,1.0
cognition,n,01,objective,0.0,0.0,1.0
blue_runner,n,01,objective,0.0,0.0,1.0
inexperienced,a,02,negative,0.0,1.0,0.0
c,a,01,objective,0.0,0.0,1.0
sturdy,a,02,positive,0.5,0.0,0.5
spitefulness,n,02,negative,0.0,1.0,0.0
egypt,n,01,objective,0.0,0.0,1.0
circle,n,06,negative,0.0,1.0,0.0
extraction,n,02,objective,0.0,0.0,1.0
plural,n,01,objective,0.0,0.0,1.0
unenlightened,a,03,negative,0.0,0.75,0.25
blood_line,n,01,objective,0.0,0.0,1.0
deliver,v,04,positive,1.0,0.0,0.0
jut,v,01,objective,0.0,0.0,1.0
endorse,v,04,objective,0.0,0.0,1.0
real,a,03,objective,0.25,0.25,0.5
recounting,n,01,objective,0.0,0.0,1.0
flourish,v,02,positive,1.0,0.0,0.0
march_on,v,01,objective,0.0,0.0,1.0
very,r,01,objective,0.0,0.0,1.0
ball,v,01,objective,0.0,0.0,1.0
criminal,a,02,negative,0.0,1.0,0.0
mesh,n,03,objective,0.0,0.0,1.0
test,n,05,objective,0.0,0.0,1.0
smuggle,v,01,negative,0.0,1.0,0.0
stalwart,a,01,positive,0.75,0.0,0.25
ball,n,07,objective,0.0,0.0,1.0
real,a,05,negative,0.0,0.5,0.5
spurn,v,01,negative,0.0,1.0,0.0
destruct,v,02,negative,0.0,1.0,0.0
marvel,n,01,positive,1.0,0.0,0.0
protrude,v,01,objective,0.0,0.0,1.0
catch,v,27,objective,0.0,0.0,1.0
customer,n,01,objective,0.0,0.0,1.0
why,n,01,objective,0.0,0.0,1.0
nescient,a,02,negative,0.0,0.75,0.25
dope,n,01,objective,0.0,0.0,1.0
admiration,n,02,positive,1.0,0.0,0.0
chest_of_drawers,n,01,objective,0.0,0.0,1.0
hell,n,03,negative,0.0,1.0,0.0
abstract,v,01,objective,0.0,0.0,1.0
abandon,v,01,objective,0.0,0.0,1.0
prosperity,n,02,positive,1.0,0.0,0.0
neutralise,v,01,negative,0.0,1.0,0.0
presumably,r,01,objective,0.0,0.0,1.0
propose,v,02,objective,0.0,0.0,1.0
move_on,v,01,objective,0.0,0.0,1.0
testicle,n,01,objective,0.0,0.0,1.0
good,a,12,positive,1.0,0.0,0.0
runner,n,07,objective,0.0,0.0,1.0
hundred,n,01,objective,0.0,0.0,1.0
unexpected,a,01,objective,0.25,0.25,0.5
muriel_spark,n,01,objective,0.0,0.0,1.0
decayed,a,02,negative,0.0,1.0,0.0
carry,v,13,objective,0.0,0.0,1.0
telling,n,01,objective,0.0,0.0,1.0
band,n,01,objective,0.0,0.0,1.0
elastic,a,02,positive,1.0,0.0,0.0
distinguishing,a,01,objective,0.0,0.0,1.0
sports_stadium,n,01,objective,0.0,0.0,1.0
advance,v,10,objective,0.0,0.0,1.0
catch,n,08,objective,0.0,0.0,1.0
exchange,n,09,objective,0.0,0.0,1.0
daybook,n,01,objective,0.0,0.0,1.0
hot,a,10,objective,0.0,0.0,1.0
government,n,04,objective,0.0,0.0,1.0
suit,n,03,objective,0.0,0.0,1.0
cell,n,02,objective,0.0,0.0,1.0
baseball,n,01,objective,0.0,0.0,1.0
unbending,a,01,negative,0.0,1.0,0.0
thing,n,07,objective,0.0,0.0,1.0
hot,a,17,positive,1.0,0.0,0.0
rebound,n,01,objective,0.0,0.0,1.0
give_voice,v,01,objective,0.0,0.0,1.0
torch,n,03,objective,0.0,0.0,1.0
postulate,v,03,objective,0.125,0.125,0.75
guggle,v,01,objective,0.0,0.0,1.0
make_headway,v,01,positive,0.75,0.0,0.25
humble,a,03,negative,0.0,0.25,0.75
bastard,n,03,negative,0.0,1.0,0.0
phrase,v,01,objective,0.0,0.0,1.0
separately,r,01,objective,0.0,0.0,1.0
bring_forward,v,01,objective,0.0,0.0,1.0
spark_off,v,01,objective,0.0,0.0,1.0
raise_up,v,01,negative,0.0,0.25,0.75
sensitive,a,02,positive,1.0,0.0,0.0
hundred,a,01,objective,0.0,0.0,1.0
wondrous,a,01,positive,1.0,0.0,0.0
ratio,n,01,objective,0.0,0.0,1.0
foster,v,02,positive,0.25,0.0,0.75
butchering,n,01,objective,0.0,0.0,1.0
pension_off,v,02,objective,0.0,0.0,1.0
stadium,n,01,objective,0.0,0.0,1.0
dumbfound,v,01,negative,0.0,0.75,0.25
cheerful,a,01,positive,1.0,0.0,0.0
catch,v,04,objective,0.0,0.0,1.0
disbursal,n,01,objective,0.0,0.0,1.0
cordial,a,01,positive,1.0,0.0,0.0
substitution,n,01,objective,0.0,0.0,1.0
average,n,01,objective,0.0,0.0,1.0
stake,n,01,objective,0.0,0.0,1.0
pot_liquor,n,01,objective,0.0,0.0,1.0
advance,a,02,objective,0.0,0.0,1.0
clump,n,03,objective,0.0,0.0,1.0
lorn,a,01,negative,0.0,1.0,0.0
picture,v,01,objective,0.0,0.0,1.0
loudly,r,01,objective,0.0,0.0,1.0
sheet,n,08,objective,0.0,0.0,1.0
disturb,v,05,negative,0.0,1.0,0.0
terminus,n,03,objective,0.0,0.0,1.0
revive,v,02,positive,1.0,0.0,0.0
burble,v,01,objective,0.0,0.0,1.0
meshwork,n,01,objective,0.0,0.0,1.0
sheet,v,01,negative,0.0,0.25,0.75
dollar,n,01,objective,0.0,0.0,1.0
sound,a,04,positive,1.0,0.0,0.0
wise,a,01,positive,1.0,0.0,0.0
runner,n,08,objective,0.0,0.0,1.0
round,n,02,objective,0.0,0.0,1.0
chunk,n,01,objective,0.0,0.0,1.0
pot,n,06,objective,0.0,0.0,1.0
line_of_descent,n,02,objective,0.0,0.0,1.0
volatile,a,04,negative,0.0,0.5,0.5
thing,n,06,objective,0.0,0.0,1.0
big_cat,n,01,objective,0.0,0.0,1.0
good,a,07,positive,1.0,0.0,0.0
shroud,n,01,objective,0.0,0.0,1.0
neutralize,v,06,objective,0.0,0.0,1.0
gloss,n,03,positive,0.25,0.0,0.75
really,r,04,objective,0.0,0.0,1.0
appraisal,n,01,objective,0.0,0.0,1.0
corn,n,02,objective,0.0,0.0,1.0
deport,v,01,objective,0.0,0.0,1.0
ache,v,02,negative,0.0,0.75,0.25
tea_cosey,n,01,objective,0.0,0.0,1.0
drear,a,01,negative,0.0,1.0,0.0
mesh,n,01,objective,0.0,0.0,1.0
demand,v,05,negative,0.0,0.5,0.5
cat,n,03,negative,0.0,1.0,0.0
expense,n,03,objective,0.0,0.0,1.0
egyptian_empire,n,01,objective,0.0,0.0,1.0
rhythm,n,04,objective,0.0,0.0,1.0
admit,v,07,objective,0.0,0.0,1.0
liquor,n,01,objective,0.0,0.0,1.0
hard_liquor,n,01,objective,0.0,0.0,1.0
static,n,02,negative,0.0,1.0,0.0
glossiness,n,01,positive,0.25,0.0,0.75
pot,n,09,objective,0.0,0.0,1.0
puzzle,v,01,negative,0.0,0.75,0.25
investment,n,03,objective,0.0,0.0,1.0
good,a,01,positive,1.0,0.0,0.0
monitoring_device,n,01,objective,0.0,0.0,1.0
imperative,n,02,negative,0.0,0.5,0.5
refine,v,01,positive,1.0,0.0,0.0
sheet,n,04,objective,0.0,0.0,1.0
drab,a,02,negative,0.0,0.25,0.75
corn,n,01,objective,0.0,0.0,1.0
one_dollar_bill,n,01,objective,0.0,0.0,1.0
mesh,n,04,objective,0.0,0.0,1.0
wonder,n,03,positive,0.5,0.0,0.5
hell,n,02,negative,0.0,1.0,0.0
kick,n,01,objective,0.0,0.0,1.0
libelous,a,01,negative,0.0,1.0,0.0
dickhead,n,01,negative,0.0,1.0,0.0
wonder,v,02,negative,0.0,0.25,0.75
transom,n,01,objective,0.0,0.0,1.0
solid,a,08,positive,1.0,0.0,0.0
wonder,v,03,positive,1.0,0.0,0.0
put_together,r,01,objective,0.0,0.0,1.0
oblige,v,03,objective,0.13,0.13,0.74
finish,n,09,positive,1.0,0.0,0.0
cell,n,06,objective,0.0,0.0,1.0
book,n,03,objective,0.0,0.0,1.0
so,r,04,objective,0.0,0.0,1.0
discard,n,03,objective,0.13,0.13,0.74
lock,v,02,objective,0.0,0.0,1.0
benevolent,a,03,positive,1.0,0.0,0.0
well,a,02,positive,1.0,0.0,0.0
sheet,n,01,objective,0.0,0.0,1.0
pot,n,04,objective,0.0,0.0,1.0
interest,v,03,objective,0.13,0.13,0.74
pectus,n,01,objective,0.0,0.0,1.0
chuck_out,v,01,objective,0.13,0.13,0.74
valor,n,01,positive,1.0,0.0,0.0
love_child,n,01,negative,0.0,1.0,0.0
base_runner,n,01,objective,0.0,0.0,1.0
atrophy,n,02,negative,0.0,1.0,0.0
can,n,05,objective,0.0,0.0,1.0
safe,n,03,objective,0.0,0.0,1.0
denigrating,a,01,negative,0.0,1.0,0.0
abstract,a,01,objective,0.0,0.0,1.0
ask,v,07,objective,0.125,0.125,0.75
henry_sweet,n,01,objective,0.0,0.0,1.0
client,n,03,objective,0.0,0.0,1.0
matter,n,02,objective,0.0,0.0,1.0
sparkle,v,03,objective,0.0,0.0,1.0
ancestry,n,01,objective,0.0,0.0,1.0
relation,n,04,objective,0.0,0.0,1.0
nurture,v,01,positive,0.5,0.0,0.5
political_science,n,01,objective,0.0,0.0,1.0
advance,v,03,objective,0.0,0.0,1.0
foster,v,03,positive,0.5,0.0,0.5
real,a,06,positive,0.5,0.0,0.5
defect,n,02,negative,0.0,1.0,0.0
ball,n,09,objective,0.0,0.0,1.0
stool,n,04,objective,0.0,0.0,1.0
jut_out,v,01,objective,0.0,0.0,1.0
cynical,a,01,negative,0.0,1.0,0.0
optimal,a,01,positive,1.0,0.0,0.0
hell,n,05,negative,0.0,1.0,0.0
monitor,n,03,positive,0.25,0.0,0.75
arena,n,03,objective,0.0,0.0,1.0
nest,n,05,objective,0.0,0.0,1.0
toilet_table,n,01,objective,0.0,0.0,1.0
journal,n,02,objective,0.0,0.0,1.0
demand,n,01,objective,0.0,0.0,1.0
blistering,a,03,positive,1.0,0.0,0.0
rophy,n,01,negative,0.0,1.0,0.0
federal_soldier,n,01,objective,0.0,0.0,1.0
cozey,n,01,objective,0.0,0.0,1.0
famous,a,01,positive,1.0,0.0,0.0
copulation,n,01,objective,0.0,0.0,1.0
upgrade,v,03,positive,1.0,0.0,0.0
mutilate,v,02,negative,0.0,1.0,0.0
testis,n,01,objective,0.0,0.0,1.0
musical_rhythm,n,01,objective,0.0,0.0,1.0
good,a,22,positive,1.0,0.0,0.0
fancy,v,01,objective,0.0,0.0,1.0
keep,n,02,objective,0.0,0.0,1.0
incautious,a,03,negative,0.0,0.75,0.25
united_arab_republic,n,01,objective,0.0,0.0,1.0
afters,n,01,objective,0.0,0.0,1.0
individually,r,01,objective,0.0,0.0,1.0
r-2,n,01,negative,0.0,1.0,0.0
call_for,v,02,objective,0.125,0.125,0.75
difficulty,n,01,negative,0.0,1.0,0.0
butchery,n,02,objective,0.0,0.0,1.0
atmospherics,n,01,objective,0.0,0.0,1.0
real,n,02,objective,0.0,0.0,1.0
offset,n,03,objective,0.0,0.0,1.0
abstract,a,04,objective,0.0,0.0,1.0
cat,n,01,objective,0.0,0.0,1.0
threatening,a,01,negative,0.0,1.0,0.0
narrative,n,01,objective,0.0,0.0,1.0
woe,n,02,negative,0.0,1.0,0.0
wise,a,03,positive,0.5,0.0,0.5
cozy,a,01,positive,1.0,0.0,0.0
polish_up,v,01,positive,1.0,0.0,0.0
cherubic,a,01,positive,1.0,0.0,0.0
advance,n,06,objective,0.13,0.13,0.74
abandon,v,02,negative,0.0,0.25,0.75
talk_terms,v,01,objective,0.0,0.0,1.0
ricochet,v,01,objective,0.0,0.0,1.0
dismal,a,01,negative,0.0,1.0,0.0
real,a,11,objective,0.0,0.0,1.0
nest,n,04,negative,0.0,1.0,0.0
bloodline,n,01,objective,0.0,0.0,1.0
boot,v,02,objective,0.0,0.0,1.0
discard,n,01,negative,0.0,0.25,0.75
ignorant,a,02,negative,0.0,0.25,0.75
rhythm_method_of_birth_control,n,01,objective,0.0,0.0,1.0
punch,n,02,objective,0.0,0.0,1.0
clunk,n,01,objective,0.0,0.0,1.0
proud,a,02,positive,1.0,0.0,0.0
thrill,n,01,positive,1.0,0.0,0.0
carnage,n,01,negative,0.0,1.0,0.0
need,v,01,objective,0.125,0.125,0.75
benevolent,a,05,positive,1.0,0.0,0.0
contradiction_in_terms,n,01,objective,0.0,0.0,1.0
vacate,v,02,objective,0.0,0.0,1.0
slanderous,a,01,negative,0.0,1.0,0.0
ball,n,11,objective,0.0,0.0,1.0
rattling,a,01,positive,1.0,0.0,0.0
heroism,n,01,positive,1.0,0.0,0.0
detail,n,02,objective,0.0,0.0,1.0
marvellous,a,01,positive,1.0,0.0,0.0
flashlight,n,01,objective,0.0,0.0,1.0
abstract,a,03,objective,0.0,0.0,1.0
spice_up,v,01,objective,0.0,0.0,1.0
heart_ventricle,n,01,objective,0.0,0.0,1.0
federal,n,02,objective,0.0,0.0,1.0
conjointly,r,01,objective,0.0,0.0,1.0
motionless,a,01,objective,0.0,0.0,1.0
client,n,02,objective,0.0,0.0,1.0
computerized_tomography,n,01,objective,0.0,0.0,1.0
abstract,a,02,objective,0.0,0.0,1.0
marvelous,a,01,positive,1.0,0.0,0.0
whoreson,n,01,negative,0.0,1.0,0.0
green_goddess,n,01,objective,0.0,0.0,1.0
cast_away,v,01,objective,0.13,0.13,0.74
guilt_trip,n,01,negative,0.0,1.0,0.0
beyond,r,01,objective,0.0,0.0,1.0
bubble,n,01,objective,0.0,0.0,1.0
circle,n,08,objective,0.0,0.0,1.0
catch,v,21,objective,0.0,0.0,1.0
renovate,v,03,positive,1.0,0.0,0.0
caterpillar,n,02,objective,0.0,0.0,1.0
informal,a,04,positive,1.0,0.0,0.0
ugly,a,01,negative,0.0,1.0,0.0
true,a,02,positive,1.0,0.0,0.0
cat,n,08,objective,0.0,0.0,1.0
inferno,n,03,negative,0.0,1.0,0.0
catch,n,03,positive,1.0,0.0,0.0
unlearned,a,03,negative,0.0,0.75,0.25
snake_pit,n,01,negative,0.0,1.0,0.0
smuggler,n,01,negative,0.0,1.0,0.0
red-hot,a,05,positive,1.0,0.0,0.0
chiefly,r,01,objective,0.0,0.0,1.0
snuggle,v,01,positive,0.25,0.0,0.75
scorn,v,02,negative,0.0,1.0,0.0
made,a,02,positive,0.25,0.0,0.75
origin,n,04,objective,0.0,0.0,1.0
dingy,a,03,negative,0.0,1.0,0.0
equation,n,01,objective,0.0,0.0,1.0
commove,v,02,negative,0.0,0.25,0.75
loveless,a,01,negative,0.0,1.0,0.0
jointly,r,02,objective,0.0,0.0,1.0
vanity,n,04,objective,0.0,0.0,1.0
throw_out,v,05,objective,0.0,0.0,1.0
indorse,v,04,objective,0.0,0.0,1.0
fly_high,v,02,positive,1.0,0.0,0.0
punch,v,02,objective,0.0,0.0,1.0
rotary,n,01,objective,0.0,0.0,1.0
lap,n,05,objective,0.0,0.0,1.0
propitiation,n,01,positive,0.75,0.0,0.25
export,n,01,objective,0.0,0.0,1.0
ball,n,10,objective,0.0,0.0,1.0
cozie,n,01,objective,0.0,0.0,1.0
good,a,19,positive,1.0,0.0,0.0
spirits,n,01,objective,0.0,0.0,1.0
unlettered,a,02,negative,0.0,0.75,0.25
sober,a,03,negative,0.0,0.25,0.75
reverberate,v,05,objective,0.0,0.0,1.0
commode,n,01,objective,0.0,0.0,1.0
assuming,a,01,negative,0.0,1.0,0.0
a_hundred,a,01,objective,0.0,0.0,1.0
amiable,a,01,positive,1.0,0.0,0.0
spiritual,a,01,objective,0.0,0.0,1.0
hymeneals,n,01,objective,0.0,0.0,1.0
clod,n,01,objective,0.0,0.0,1.0
underscore,v,01,objective,0.13,0.13,0.74
intimate,a,02,positive,1.0,0.0,0.0
optimum,a,01,positive,1.0,0.0,0.0
fed,n,01,objective,0.0,0.0,1.0
bastard,a,02,negative,0.0,1.0,0.0
advance,v,01,objective,0.0,0.0,1.0
piquance,n,01,objective,0.0,0.0,1.0
mesh,v,04,negative,0.0,0.5,0.5
in_agreement,r,01,positive,0.25,0.0,0.75
investment_funds,n,01,objective,0.0,0.0,1.0
contrive,v,03,objective,0.0,0.0,1.0
sore,a,01,negative,0.0,1.0,0.0
ignorant,a,05,negative,0.0,0.5,0.5
curiosity,n,01,positive,0.5,0.0,0.5
node,n,07,objective,0.0,0.0,1.0
meshing,n,02,objective,0.0,0.0,1.0
stinking,a,01,negative,0.0,1.0,0.0
project,v,04,objective,0.0,0.0,1.0
howling,a,02,positive,1.0,0.0,0.0
saving,n,02,positive,1.0,0.0,0.0
outdated,a,01,negative,0.0,0.25,0.75
exact,a,01,positive,0.25,0.0,0.75
potful,n,01,objective,0.0,0.0,1.0
haul,n,02,objective,0.0,0.0,1.0
occupy,v,05,objective,0.0,0.0,1.0
journal,n,01,objective,0.0,0.0,1.0
affect,v,04,negative,0.0,1.0,0.0
unguarded,a,02,negative,0.0,0.75,0.25
hellhole,n,01,negative,0.0,1.0,0.0
good-humoured,a,01,positive,1.0,0.0,0.0
dollar,n,03,objective,0.0,0.0,1.0
inflexible,a,03,objective,0.0,0.0,1.0
notable,a,02,positive,1.0,0.0,0.0
improvement,n,02,positive,1.0,0.0,0.0
slaying,n,01,negative,0.0,1.0,0.0
the_pit,n,01,negative,0.0,1.0,0.0
judgment,n,02,objective,0.0,0.0,1.0
regime,n,01,objective,0.0,0.0,1.0
ventricle,n,02,objective,0.0,0.0,1.0
complicate,v,01,negative,0.0,1.0,0.0
marriage_ceremony,n,01,objective,0.0,0.0,1.0
advance,v,07,positive,1.0,0.0,0.0
killer_whale,n,01,objective,0.0,0.0,1.0
smooth,v,02,objective,0.0,0.0,1.0
interest,n,01,positive,0.5,0.0,0.5
guiltiness,n,01,negative,0.0,1.0,0.0
true_cat,n,01,objective,0.0,0.0,1.0
neutralise,v,04,objective,0.0,0.0,1.0
pass_on,v,03,objective,0.0,0.0,1.0
drab,a,01,negative,0.0,1.0,0.0
advanced,a,08,objective,0.0,0.0,1.0
send_off,v,02,objective,0.0,0.0,1.0
relative,n,01,objective,0.0,0.0,1.0
veridical,a,01,objective,0.0,0.0,1.0
gallant,a,03,positive,1.0,0.0,0.0
ignorant,a,01,negative,0.0,0.75,0.25
remove,v,07,negative,0.0,1.0,0.0
acquit,v,02,objective,0.0,0.0,1.0
interest,n,07,objective,0.0,0.0,1.0
conciliation,n,01,positive,0.75,0.0,0.25
dollar_mark,n,01,negative,0.0,0.25,0.75
substitution,n,02,objective,0.0,0.0,1.0
catch,n,10,objective,0.13,0.13,0.74
deplorable,a,03,negative,0.0,1.0,0.0
crapper,n,01,objective,0.0,0.0,1.0
cat,n,07,objective,0.0,0.0,1.0
governance,n,02,objective,0.0,0.0,1.0
indorse,v,03,positive,0.5,0.0,0.5
rescue,v,02,negative,0.0,1.0,0.0
sinister,a,01,negative,0.0,1.0,0.0
expert,a,01,positive,1.0,0.0,0.0
abandon,n,02,objective,0.375,0.375,0.25
ledger,n,02,objective,0.0,0.0,1.0
unitedly,r,01,positive,0.25,0.0,0.75
coitus,n,01,objective,0.0,0.0,1.0
circuit,n,06,objective,0.0,0.0,1.0
ball,n,08,objective,0.0,0.0,1.0
spark,v,02,objective,0.0,0.0,1.0
knowledge,n,01,objective,0.0,0.0,1.0
weed,n,02,objective,0.0,0.0,1.0
runner,n,05,objective,0.0,0.0,1.0
journal,n,04,objective,0.0,0.0,1.0
insurance,n,02,objective,0.0,0.0,1.0
ugly,a,04,negative,0.0,1.0,0.0
tang,n,02,objective,0.0,0.0,1.0
sheet,n,07,objective,0.0,0.0,1.0
calumniatory,a,01,negative,0.0,1.0,0.0
sadness,n,01,negative,0.0,1.0,0.0
potty,n,01,objective,0.0,0.0,1.0
so,r,08,objective,0.0,0.0,1.0
ledger,n,01,objective,0.0,0.0,1.0
drown,v,01,negative,0.0,0.25,0.75
ballock,n,01,objective,0.0,0.0,1.0
bay_window,n,01,objective,0.0,0.0,1.0
kick,n,03,objective,0.0,0.0,1.0
sail,n,01,objective,0.0,0.0,1.0
dancer,n,01,objective,0.0,0.0,1.0
sin,n,06,negative,0.0,1.0,0.0
placation,n,01,positive,0.75,0.0,0.25
denigrative,a,01,negative,0.0,1.0,0.0
sheet_of_paper,n,01,objective,0.0,0.0,1.0
grass,n,04,objective,0.0,0.0,1.0
deride,v,01,negative,0.0,0.75,0.25
infernal_region,n,01,negative,0.0,1.0,0.0
mobile_phone,n,01,objective,0.0,0.0,1.0
bastard,a,01,negative,0.0,1.0,0.0
ventricle,n,01,objective,0.0,0.0,1.0
fervor,n,02,objective,0.38,0.38,0.24
diary,n,01,objective,0.0,0.0,1.0
boot,n,01,objective,0.0,0.0,1.0
backlash,n,01,objective,0.0,0.0,1.0
interest_group,n,01,objective,0.0,0.0,1.0
hurt,v,03,negative,0.0,1.0,0.0
illegitimate,n,01,negative,0.0,1.0,0.0
circle,n,01,objective,0.0,0.0,1.0
majestic,a,01,positive,1.0,0.0,0.0
ball,n,06,objective,0.0,0.0,1.0
runner,n,03,objective,0.0,0.0,1.0
shine,v,10,objective,0.0,0.0,1.0
benevolent,a,01,positive,1.0,0.0,0.0
visualise,v,03,objective,0.0,0.0,1.0
synopsis,n,01,objective,0.0,0.0,1.0
deliverance,n,01,positive,1.0,0.0,0.0
brilliance,n,02,positive,1.0,0.0,0.0
foster,n,01,objective,0.0,0.0,1.0
touch_off,v,01,objective,0.0,0.0,1.0
nuzzle,v,01,positive,0.25,0.0,0.75
eleemosynary,a,01,positive,1.0,0.0,0.0
stick_out,v,01,objective,0.0,0.0,1.0
singly,r,02,objective,0.0,0.0,1.0
real,n,01,objective,0.0,0.0,1.0
vivify,v,01,positive,1.0,0.0,0.0
valiancy,n,01,positive,1.0,0.0,0.0
federal,a,01,objective,0.0,0.0,1.0
palatial,a,02,positive,0.5,0.0,0.5
and_then,r,01,objective,0.0,0.0,1.0
egypt,n,02,objective,0.0,0.0,1.0
enrage,v,01,negative,0.0,1.0,0.0
guest,n,04,objective,0.0,0.0,1.0
hawaii,n,01,objective,0.0,0.0,1.0
gloomy,a,02,negative,0.0,1.0,0.0
cubicle,n,01,objective,0.0,0.0,1.0
calendar_method_of_birth_control,n,01,objective,0.0,0.0,1.0
affliction,n,02,negative,0.0,1.0,0.0
throne,n,02,objective,0.0,0.0,1.0
gain,v,06,objective,0.0,0.0,1.0
indian_corn,n,01,objective,0.0,0.0,1.0
stupefy,v,02,negative,0.0,0.75,0.25
together,r,07,positive,0.25,0.0,0.75
thing,n,04,objective,0.125,0.125,0.75
genial,a,01,positive,1.0,0.0,0.0
so,a,02,positive,0.5,0.0,0.5
get_on,v,06,positive,1.0,0.0,0.0
valiance,n,01,positive,1.0,0.0,0.0
catch,v,02,objective,0.0,0.0,1.0
scientific_discipline,n,01,objective,0.0,0.0,1.0
bring_up,v,08,objective,0.0,0.0,1.0
chest,n,01,objective,0.0,0.0,1.0
understandable,a,01,positive,0.25,0.0,0.75
social_dancer,n,01,objective,0.0,0.0,1.0
wasting_away,n,01,negative,0.0,1.0,0.0
purpurate,v,01,objective,0.0,0.0,1.0
dresser,n,01,objective,0.0,0.0,1.0
hawaii_island,n,01,objective,0.0,0.0,1.0
throwing_away,n,01,objective,0.13,0.13,0.74
rhythm_method,n,01,objective,0.0,0.0,1.0
assessment,n,04,objective,0.0,0.0,1.0
fall,n,01,objective,0.0,0.0,1.0
particular,n,02,objective,0.0,0.0,1.0
hell_on_earth,n,01,negative,0.0,1.0,0.0
comport,v,02,objective,0.0,0.0,1.0
boot,n,05,negative,0.0,0.5,0.5
embolden,v,01,positive,1.0,0.0,0.0
cellular_telephone,n,01,objective,0.0,0.0,1.0
investment,n,02,objective,0.0,0.0,1.0
inquire,v,02,positive,0.25,0.0,0.75
baleful,a,02,negative,0.0,1.0,0.0
so,r,02,objective,0.0,0.0,1.0
rotten,a,02,negative,0.0,1.0,0.0
recreate,v,02,positive,1.0,0.0,0.0
project,v,03,objective,0.0,0.0,1.0
contempt,n,01,negative,0.0,1.0,0.0
identifying,a,01,objective,0.0,0.0,1.0
lineage,n,01,objective,0.0,0.0,1.0
hold,v,19,objective,0.0,0.0,1.0
runner,n,01,negative,0.0,1.0,0.0
shark,n,01,objective,0.0,0.0,1.0
monitor,n,04,negative,0.0,0.5,0.5
cameroun,n,01,objective,0.0,0.0,1.0
cell,n,01,objective,0.0,0.0,1.0
material,a,06,objective,0.0,0.0,1.0
root,n,03,objective,0.0,0.0,1.0
sham,v,02,negative,0.0,1.0,0.0
rampant,a,02,objective,0.0,0.0,1.0
origin,n,02,objective,0.0,0.0,1.0
lofty,a,03,positive,1.0,0.0,0.0
ball,n,05,objective,0.0,0.0,1.0
wise,n,01,objective,0.0,0.0,1.0
cast,v,01,objective,0.0,0.0,1.0
pot,v,01,objective,0.0,0.0,1.0
wedding,n,02,objective,0.0,0.0,1.0
dancer,n,02,objective,0.0,0.0,1.0
good,a,08,positive,1.0,0.0,0.0
hit,v,15,negative,0.0,1.0,0.0
surly,a,01,negative,0.0,1.0,0.0
trouble,n,04,negative,0.0,1.0,0.0
dollar_bill,n,01,objective,0.0,0.0,1.0
combustion,n,01,objective,0.0,0.0,1.0
punch,n,03,objective,0.0,0.0,1.0
articulate,v,02,objective,0.0,0.0,1.0
tender,a,02,negative,0.0,1.0,0.0
affable,a,01,positive,1.0,0.0,0.0
particular,n,01,objective,0.0,0.0,1.0
sweetness,n,02,objective,0.0,0.0,1.0
museum,n,01,objective,0.0,0.0,1.0
buck,n,02,objective,0.0,0.0,1.0
assessment,n,02,objective,0.0,0.0,1.0
murder,v,02,negative,0.0,1.0,0.0
isaac_mayer_wise,n,01,objective,0.0,0.0,1.0
cause_of_death,n,01,negative,0.0,1.0,0.0
substantial,a,03,objective,0.0,0.0,1.0
presumptively,r,01,objective,0.0,0.0,1.0
abuse,n,03,negative,0.0,1.0,0.0
down,v,06,positive,1.0,0.0,0.0
forlorn,a,02,negative,0.0,1.0,0.0
watch,v,03,objective,0.0,0.0,1.0
journal,n,05,objective,0.0,0.0,1.0
good,a,20,positive,1.0,0.0,0.0
serious,a,04,positive,1.0,0.0,0.0
assumptive,a,01,negative,0.0,1.0,0.0
scorn,n,02,negative,0.0,1.0,0.0
abstract,v,03,objective,0.0,0.0,1.0
rotted,a,01,negative,0.0,1.0,0.0
clam,n,02,objective,0.0,0.0,1.0
salutary,a,01,positive,1.0,0.0,0.0
fruit,n,02,objective,0.13,0.13,0.74
monitor,v,01,objective,0.125,0.125,0.75
negociate,v,06,objective,0.0,0.0,1.0
apprehension,n,04,objective,0.13,0.13,0.74
irrational,a,02,objective,0.0,0.0,1.0
inflammation,n,02,objective,0.38,0.38,0.24
fantastic,a,02,positive,1.0,0.0,0.0
butchery,n,03,negative,0.0,1.0,0.0
nest,n,01,objective,0.0,0.0,1.0
together,r,05,objective,0.0,0.0,1.0
dispatch,v,03,negative,0.0,1.0,0.0
throw_out,v,02,objective,0.13,0.13,0.74
relish,n,01,positive,1.0,0.0,0.0
misbegotten,a,01,negative,0.0,1.0,0.0
fake,v,02,negative,0.0,1.0,0.0
narration,n,01,objective,0.0,0.0,1.0
motherfucker,n,01,negative,0.0,1.0,0.0
cozy,a,02,positive,1.0,0.0,0.0
wildness,n,01,objective,0.375,0.375,0.25
toilet,n,02,objective,0.0,0.0,1.0
zea_mays,n,01,objective,0.0,0.0,1.0
thing,n,10,objective,0.0,0.0,1.0
good,a,05,positive,1.0,0.0,0.0
bowl,n,05,objective,0.0,0.0,1.0
one_c,n,01,objective,0.0,0.0,1.0
dungeon,n,01,objective,0.0,0.0,1.0
circle,v,02,objective,0.0,0.0,1.0
real,a,08,objective,0.0,0.0,1.0
forlorn,a,01,negative,0.0,1.0,0.0
cook,v,05,negative,0.0,1.0,0.0
stinky,a,01,negative,0.0,1.0,0.0
monitor,n,01,objective,0.0,0.0,1.0
spark,n,05,objective,0.0,0.0,1.0
worthy,a,04,positive,1.0,0.0,0.0
egg,n,03,objective,0.0,0.0,1.0
demand,n,05,negative,0.0,0.25,0.75
unspoiled,a,01,positive,1.0,0.0,0.0
betray,v,06,negative,0.0,1.0,0.0
worthiness,n,01,positive,1.0,0.0,0.0
sess,n,01,objective,0.0,0.0,1.0
augment,v,02,objective,0.0,0.0,1.0
mother_fucker,n,01,negative,0.0,1.0,0.0
liquidate,v,01,negative,0.0,1.0,0.0
culture,n,06,positive,1.0,0.0,0.0
difficultness,n,01,negative,0.0,1.0,0.0
well,r,01,positive,1.0,0.0,0.0
upright_piano,n,01,objective,0.0,0.0,1.0
defamatory,a,01,negative,0.0,1.0,0.0
splendour,n,02,positive,1.0,0.0,0.0
difficulty,n,03,negative,0.0,1.0,0.0
primarily,r,02,objective,0.0,0.0,1.0
calendar_method,n,01,objective,0.0,0.0,1.0
graspable,a,01,positive,0.25,0.0,0.75
far-famed,a,01,positive,1.0,0.0,0.0
hand_clapping,n,01,positive,0.5,0.0,0.5
circle,v,03,objective,0.0,0.0,1.0
yearn,v,02,negative,0.0,0.75,0.25
out_loud,r,01,objective,0.0,0.0,1.0
spark,n,03,objective,0.0,0.0,1.0
gage,n,01,objective,0.0,0.0,1.0
exportation,n,01,objective,0.0,0.0,1.0
languish,v,02,negative,0.0,0.75,0.25
amaze,v,02,negative,0.0,0.75,0.25
angelical,a,02,positive,1.0,0.0,0.0
project,v,02,objective,0.0,0.0,1.0
zest,n,01,positive,1.0,0.0,0.0
sol,n,03,objective,0.0,0.0,1.0
real,a,10,objective,0.0,0.0,1.0
bingle,n,01,objective,0.0,0.0,1.0
meshing,n,01,objective,0.0,0.0,1.0
sexual_intercourse,n,01,objective,0.0,0.0,1.0
prick,n,01,negative,0.0,1.0,0.0
relieve,v,01,positive,1.0,0.0,0.0
kick_back,v,02,objective,0.0,0.0,1.0
marriage,n,03,objective,0.0,0.0,1.0
shroud,n,02,objective,0.0,0.0,1.0
seraphic,a,02,positive,1.0,0.0,0.0
primarily,r,01,objective,0.0,0.0,1.0
torment,n,02,negative,0.0,1.0,0.0
kick_upstairs,v,01,positive,1.0,0.0,0.0
research_worker,n,01,objective,0.0,0.0,1.0
betterment,n,01,positive,1.0,0.0,0.0
skillful,a,01,positive,1.0,0.0,0.0
ignorant,a,06,negative,0.0,1.0,0.0
arch,n,01,objective,0.0,0.0,1.0
circle,v,04,objective,0.0,0.0,1.0
roach,n,02,negative,0.0,1.0,0.0
chest,n,03,objective,0.0,0.0,1.0
round,n,14,objective,0.0,0.0,1.0
certify,v,04,positive,0.5,0.0,0.5
project,v,09,objective,0.0,0.0,1.0
computerized_axial_tomography,n,01,objective,0.0,0.0,1.0
tea_cozey,n,01,objective,0.0,0.0,1.0
mystify,v,01,negative,0.0,0.75,0.25
progress,v,01,positive,1.0,0.0,0.0
republic_of_cameroon,n,01,objective,0.0,0.0,1.0
advance,v,11,objective,0.0,0.0,1.0
shark,n,02,negative,0.0,1.0,0.0
archway,n,01,objective,0.0,0.0,1.0
term,n,02,objective,0.0,0.0,1.0
book_of_account,n,01,objective,0.0,0.0,1.0
cellular_phone,n,01,objective,0.0,0.0,1.0
puncher,n,03,objective,0.0,0.0,1.0
hell,n,06,negative,0.0,1.0,0.0
pine,v,01,negative,0.0,0.75,0.25
illegitimate_child,n,01,negative,0.0,1.0,0.0
beneficial,a,01,positive,1.0,0.0,0.0
thing,n,05,objective,0.0,0.0,1.0
minacious,a,01,negative,0.0,1.0,0.0
in_concert,r,01,positive,0.25,0.0,0.75
lot,n,05,objective,0.0,0.0,1.0
delivery,n,06,positive,1.0,0.0,0.0
safety,n,01,positive,1.0,0.0,0.0
classifiable,a,01,objective,0.0,0.0,1.0
cat,n,02,objective,0.25,0.25,0.5
stemma,n,02,objective,0.0,0.0,1.0
killer,n,03,negative,0.0,1.0,0.0
difficulty,n,04,negative,0.0,1.0,0.0
cultivation,n,03,positive,1.0,0.0,0.0
interest,v,01,positive,1.0,0.0,0.0
story,n,01,objective,0.0,0.0,1.0
get,v,23,objective,0.0,0.0,1.0
carnal_knowledge,n,01,objective,0.0,0.0,1.0
runner,n,02,objective,0.0,0.0,1.0
hard_drink,n,01,objective,0.0,0.0,1.0
do_in,v,01,negative,0.0,1.0,0.0
choson,n,01,objective,0.0,0.0,1.0
collaborate,v,02,negative,0.0,1.0,0.0
beneficial,a,02,positive,1.0,0.0,0.0
prevaricator,n,01,negative,0.0,1.0,0.0
upstanding,a,01,positive,1.0,0.0,0.0
nest,v,03,positive,0.25,0.0,0.75
ugly,a,03,negative,0.0,1.0,0.0
diplomatic,a,03,positive,1.0,0.0,0.0
empurple,v,01,objective,0.0,0.0,1.0
zest,v,01,objective,0.0,0.0,1.0
static,n,01,objective,0.0,0.0,1.0
wheat,n,01,objective,0.0,0.0,1.0
catch,n,02,objective,0.0,0.0,1.0
100,a,01,objective,0.0,0.0,1.0
so,r,09,objective,0.0,0.0,1.0
worry,v,04,objective,0.0,0.0,1.0
beyond,r,03,objective,0.0,0.0,1.0
recoil,n,02,objective,0.0,0.0,1.0
sake,n,01,objective,0.0,0.0,1.0
emphasize,v,02,objective,0.13,0.13,0.74
augment,v,01,objective,0.0,0.0,1.0
stephen_samuel_wise,n,01,objective,0.0,0.0,1.0
rise,n,10,objective,0.13,0.13,0.74
enquire,v,03,positive,0.25,0.0,0.75
shambles,n,02,objective,0.0,0.0,1.0
philanthropic,a,01,positive,1.0,0.0,0.0
iron_boot,n,01,negative,0.0,0.5,0.5
tea_cozie,n,01,objective,0.0,0.0,1.0
desolate,v,01,negative,0.0,1.0,0.0
impetuous,a,02,negative,0.0,0.75,0.25
pinch,n,07,objective,0.13,0.13,0.74
thud,v,03,objective,0.0,0.0,1.0
fruit,n,01,objective,0.0,0.0,1.0
coition,n,01,objective,0.0,0.0,1.0
confrontation,n,05,objective,0.0,0.0,1.0
figure,v,03,objective,0.0,0.0,1.0
bear,v,10,objective,0.0,0.0,1.0
come_along,v,02,positive,1.0,0.0,0.0
and_so,r,01,objective,0.0,0.0,1.0
indeed,r,01,objective,0.0,0.0,1.0
punch,v,03,objective,0.0,0.0,1.0
shape_up,v,01,positive,1.0,0.0,0.0
sexual_relation,n,01,objective,0.0,0.0,1.0
adverse,a,01,negative,0.0,1.0,0.0
beat,n,03,objective,0.0,0.0,1.0
nut,n,07,objective,0.0,0.0,1.0
out-of-date,a,01,negative,0.0,0.25,0.75
speech_rhythm,n,01,objective,0.0,0.0,1.0
existent,a,02,positive,0.25,0.0,0.75
varan,n,01,objective,0.0,0.0,1.0
dress_circle,n,01,objective,0.0,0.0,1.0
ball,n,04,objective,0.0,0.0,1.0
so,n,01,objective,0.0,0.0,1.0
beyond,r,02,objective,0.0,0.0,1.0
winding-sheet,n,01,objective,0.0,0.0,1.0
dessert,n,01,objective,0.0,0.0,1.0
exact,v,01,objective,0.125,0.125,0.75
abandon,v,04,objective,0.0,0.0,1.0
withering,n,01,negative,0.0,1.0,0.0
pension,v,01,objective,0.0,0.0,1.0
nest,v,04,objective,0.0,0.0,1.0
question,v,05,negative,0.0,0.25,0.75
worthy,a,05,positive,1.0,0.0,0.0
put_away,v,02,objective,0.13,0.13,0.74
term,n,04,objective,0.0,0.0,1.0
nether_region,n,01,negative,0.0,1.0,0.0
relation,n,02,objective,0.0,0.0,1.0
orb,n,02,objective,0.0,0.0,1.0
empurpled,a,01,negative,0.0,0.75,0.25
severally,r,02,objective,0.0,0.0,1.0
polish,v,02,positive,1.0,0.0,0.0
gratifying,a,03,positive,1.0,0.0,0.0
knock_off,v,01,negative,0.0,1.0,0.0
investigator,n,01,objective,0.0,0.0,1.0
suit_of_clothes,n,01,objective,0.0,0.0,1.0
icky,a,01,negative,0.0,1.0,0.0
project,n,01,objective,0.0,0.0,1.0
project,v,05,objective,0.0,0.0,1.0
agitate,v,06,negative,0.0,0.25,0.75
piece_of_paper,n,01,objective,0.0,0.0,1.0
rhythm,n,05,objective,0.0,0.0,1.0
wise,n,03,objective,0.0,0.0,1.0
abattoir,n,01,objective,0.0,0.0,1.0
adjust,v,05,objective,0.0,0.0,1.0
abstract,v,04,objective,0.0,0.0,1.0
wedding_ceremony,n,01,objective,0.0,0.0,1.0
cat,n,06,objective,0.0,0.0,1.0
stolon,n,01,objective,0.0,0.0,1.0
injunction,n,01,negative,0.0,1.0,0.0
matter_to,v,01,objective,0.13,0.13,0.74
static,a,02,objective,0.0,0.0,1.0
ominous,a,01,negative,0.0,1.0,0.0
still,a,01,objective,0.0,0.0,1.0
thump,v,02,objective,0.0,0.0,1.0
unsloped,a,01,objective,0.0,0.0,1.0
bathe,v,01,objective,0.0,0.0,1.0
minatory,a,01,negative,0.0,1.0,0.0
mainly,r,01,objective,0.0,0.0,1.0
contempt,n,03,negative,0.0,1.0,0.0
investment,n,05,objective,0.0,0.0,1.0
phony,a,01,negative,0.0,1.0,0.0
spite,n,02,negative,0.0,1.0,0.0
export,v,01,objective,0.0,0.0,1.0
ankle,n,01,objective,0.0,0.0,1.0
waste,v,05,negative,0.0,1.0,0.0
prophylactic,n,02,objective,0.0,0.0,1.0
both,a,01,objective,0.0,0.0,1.0
dreary,a,02,negative,0.0,1.0,0.0
dollar,n,02,objective,0.0,0.0,1.0
shark,n,03,positive,1.0,0.0,0.0
policy,n,03,objective,0.0,0.0,1.0
pretend,v,01,negative,0.0,1.0,0.0
take_in,v,06,objective,0.0,0.0,1.0
cellphone,n,01,objective,0.0,0.0,1.0
bump_off,v,01,negative,0.0,1.0,0.0
so,r,03,objective,0.0,0.0,1.0
slaughterhouse,n,01,objective,0.0,0.0,1.0
amiable,a,02,positive,1.0,0.0,0.0
quicken,v,05,positive,1.0,0.0,0.0
lead_astray,v,03,negative,0.0,1.0,0.0
admonisher,n,01,positive,0.25,0.0,0.75
leger,n,01,objective,0.0,0.0,1.0
hardy,a,01,positive,0.75,0.0,0.25
assessment,n,01,objective,0.0,0.0,1.0
potbelly,n,01,objective,0.0,0.0,1.0
menial,a,01,negative,0.0,0.25,0.75
moon-curser,n,01,negative,0.0,1.0,0.0
advance,v,05,objective,0.0,0.0,1.0
forbidding,a,02,negative,0.0,1.0,0.0
rigid,a,03,negative,0.0,1.0,0.0
snug,a,04,positive,1.0,0.0,0.0
safety,n,04,objective,0.0,0.0,1.0
volatile,a,01,objective,0.0,0.0,1.0
live,a,09,objective,0.0,0.0,1.0
nest,n,02,objective,0.0,0.0,1.0
specific,n,01,objective,0.0,0.0,1.0
rotten,a,03,negative,0.0,1.0,0.0
progression,n,02,objective,0.0,0.0,1.0
interest,n,04,objective,0.0,0.0,1.0
peppery,a,01,objective,0.0,0.0,1.0
untrusty,a,01,negative,0.0,1.0,0.0
net,n,06,objective,0.0,0.0,1.0
contemn,v,01,negative,0.0,1.0,0.0
thump,n,01,objective,0.0,0.0,1.0
theoretical,a,03,objective,0.0,0.0,1.0
mangle,v,03,negative,0.0,1.0,0.0
envision,v,01,objective,0.0,0.0,1.0
century,n,02,objective,0.0,0.0,1.0
korea,n,01,objective,0.0,0.0,1.0
goodness,n,02,positive,1.0,0.0,0.0
gracious,a,02,positive,1.0,0.0,0.0
curve,v,03,objective,0.0,0.0,1.0
glint,n,01,objective,0.0,0.0,1.0
yelp,n,01,objective,0.0,0.0,1.0
in_advance,a,01,objective,0.0,0.0,1.0
desert,v,01,negative,0.0,1.0,0.0
nastiness,n,02,negative,0.0,1.0,0.0
fine-tune,v,01,positive,1.0,0.0,0.0
hawaii,n,02,objective,0.0,0.0,1.0
congress,n,04,objective,0.0,0.0,1.0
expense,n,02,negative,0.0,1.0,0.0
so,r,07,objective,0.0,0.0,1.0
safety,n,06,objective,0.0,0.0,1.0
korean_peninsula,n,01,objective,0.0,0.0,1.0
pliant,a,02,positive,1.0,0.0,0.0
mark,n,02,objective,0.0,0.0,1.0
toss,v,05,objective,0.13,0.13,0.74
round,v,03,objective,0.0,0.0,1.0
federal,a,02,objective,0.0,0.0,1.0
in_order,a,02,positive,0.5,0.0,0.5
gravel,v,03,negative,0.0,0.75,0.25
pot,n,03,objective,0.0,0.0,1.0
frightful,a,01,negative,0.0,1.0,0.0
angelic,a,03,positive,1.0,0.0,0.0
piquancy,n,01,objective,0.0,0.0,1.0
recoil,v,02,objective,0.0,0.0,1.0
good,a,15,positive,1.0,0.0,0.0
scrunch,v,01,objective,0.0,0.0,1.0
untoward,a,02,negative,0.0,1.0,0.0
misbegot,a,01,negative,0.0,1.0,0.0
considered,a,02,positive,0.5,0.0,0.5
bubble,v,02,objective,0.0,0.0,1.0
mass_murder,n,01,negative,0.0,1.0,0.0
torture,n,01,negative,0.0,1.0,0.0
match,n,06,positive,1.0,0.0,0.0
collectively,r,01,objective,0.0,0.0,1.0
get_ahead,v,01,positive,0.75,0.0,0.25
advance,n,05,objective,0.0,0.0,1.0
baffle,v,01,negative,0.0,0.75,0.25
execution,n,07,negative,0.0,1.0,0.0
overwhelming,a,01,objective,0.38,0.38,0.24
corn,n,03,objective,0.0,0.0,1.0
give_up,v,02,negative,0.0,0.25,0.75
rag,n,04,objective,0.0,0.0,1.0
guilt,n,01,negative,0.0,1.0,0.0
sheet,v,02,objective,0.0,0.0,1.0
confectionery,n,01,objective,0.0,0.0,1.0
nest,n,03,positive,1.0,0.0,0.0
able-bodied,a,01,positive,1.0,0.0,0.0
plural_form,n,01,objective,0.0,0.0,1.0
judicious,a,02,positive,1.0,0.0,0.0
suit,n,02,objective,0.0,0.0,1.0
union_soldier,n,01,objective,0.0,0.0,1.0
thrive,v,02,positive,1.0,0.0,0.0
fake,a,01,negative,0.0,1.0,0.0
arch,n,02,objective,0.0,0.0,1.0
precis,n,01,objective,0.0,0.0,1.0
circle,n,02,objective,0.0,0.0,1.0
atrophy,n,01,negative,0.0,1.0,0.0
in_collaboration,r,01,positive,0.25,0.0,0.75
advance,v,06,positive,0.75,0.0,0.25
demand,v,01,negative,0.0,0.75,0.25
interest,v,02,objective,0.0,0.0,1.0
beforehand,a,01,positive,0.25,0.0,0.75
perceivable,a,02,positive,0.25,0.0,0.75
catch,n,07,objective,0.0,0.0,1.0
nest,v,02,objective,0.0,0.0,1.0
murder,n,01,negative,0.0,1.0,0.0
real,a,09,objective,0.0,0.0,1.0
sweet,a,02,positive,1.0,0.0,0.0
investment,n,01,objective,0.0,0.0,1.0
slay,v,01,negative,0.0,1.0,0.0
cash_advance,n,01,objective,0.0,0.0,1.0
play,v,11,positive,1.0,0.0,0.0
bureau,n,02,objective,0.0,0.0,1.0
successfulness,n,01,positive,1.0,0.0,0.0
stick,v,17,negative,0.0,0.75,0.25
mainsheet,n,01,objective,0.0,0.0,1.0
line,n,17,objective,0.0,0.0,1.0
pain,v,02,negative,0.0,1.0,0.0
overwhelm,v,03,negative,0.0,0.25,0.75
phrase,n,03,objective,0.0,0.0,1.0
wise_to,a,01,positive,0.5,0.0,0.5
why,r,01,objective,0.0,0.0,1.0
runner,n,04,objective,0.0,0.0,1.0
pension,n,01,objective,0.0,0.0,1.0
supervise,v,02,objective,0.125,0.125,0.75
volunteer,v,01,positive,0.25,0.0,0.75
beneficent,a,02,positive,1.0,0.0,0.0
demand,v,06,objective,0.0,0.0,1.0
term,v,01,objective,0.0,0.0,1.0
scorn,v,01,negative,0.0,1.0,0.0
purpleness,n,01,objective,0.0,0.0,1.0
monitor,n,07,objective,0.0,0.0,1.0
upright,a,02,positive,1.0,0.0,0.0
misbehaviour,n,01,negative,0.0,1.0,0.0
convince,v,01,positive,0.5,0.0,0.5
rebound,v,01,objective,0.0,0.0,1.0
killer,n,02,negative,0.0,1.0,0.0
arab_republic_of_egypt,n,01,objective,0.0,0.0,1.0
grab,n,02,objective,0.0,0.0,1.0
trigger,v,01,objective,0.0,0.0,1.0
able,a,01,objective,0.0,0.0,1.0
murder,v,01,negative,0.0,1.0,0.0
uncompromising,a,01,objective,0.375,0.375,0.25
nurture,n,01,objective,0.0,0.0,1.0
corn,v,02,objective,0.0,0.0,1.0
tea_cozy,n,01,objective,0.0,0.0,1.0
involve,v,04,objective,0.125,0.125,0.75
cheer,v,01,positive,1.0,0.0,0.0
anguish,v,02,negative,0.0,1.0,0.0
dollar_sign,n,01,negative,0.0,0.25,0.75
skunk,n,03,objective,0.0,0.0,1.0
refine,v,03,positive,0.25,0.0,0.75
stephen_foster,n,01,objective,0.0,0.0,1.0
polish,n,03,objective,0.0,0.0,1.0
dedicate,v,02,objective,0.0,0.0,1.0
globe,n,02,objective,0.0,0.0,1.0
science,n,01,objective,0.0,0.0,1.0
pull_ahead,v,01,positive,0.75,0.0,0.25
submerge,v,02,negative,0.0,0.25,0.75
daybook,n,02,objective,0.0,0.0,1.0
wantonness,n,01,negative,0.0,0.75,0.25
recoil,v,03,objective,0.0,0.0,1.0
shitty,a,01,negative,0.0,1.0,0.0
mesh_topology,n,01,objective,0.0,0.0,1.0
embellished,a,01,negative,0.0,0.75,0.25
recreate,v,04,objective,0.0,0.0,1.0
progress,n,03,objective,0.0,0.0,1.0
good,a,06,positive,1.0,0.0,0.0
marker,n,02,objective,0.0,0.0,1.0
set_ahead,v,01,objective,0.0,0.0,1.0
real,r,01,objective,0.0,0.0,1.0
affirmation,n,03,objective,0.0,0.0,1.0
suit,n,04,objective,0.0,0.0,1.0
yearn,v,03,positive,1.0,0.0,0.0
regular_recurrence,n,01,objective,0.0,0.0,1.0
catch,v,15,objective,0.0,0.0,1.0
bollock,n,01,objective,0.0,0.0,1.0
asshole,n,01,negative,0.0,1.0,0.0
pose,v,06,negative,0.0,0.75,0.25
assuage,v,03,positive,1.0,0.0,0.0
contradiction,n,03,negative,0.0,0.25,0.75
spring,v,03,objective,0.0,0.0,1.0
massacre,n,01,negative,0.0,1.0,0.0
transom,n,02,objective,0.0,0.0,1.0
spurious,a,02,negative,0.0,1.0,0.0
prosperity,n,01,positive,1.0,0.0,0.0
in_the_first_place,r,02,objective,0.0,0.0,1.0
refine,v,05,negative,0.0,0.25,0.75
fanlight,n,01,objective,0.0,0.0,1.0
project,v,10,objective,0.0,0.0,1.0
emphasise,v,01,objective,0.13,0.13,0.74
rhythm,n,02,objective,0.0,0.0,1.0
repair,v,05,positive,1.0,0.0,0.0
advance,n,03,objective,0.13,0.13,0.74
trip,v,04,objective,0.0,0.0,1.0
ball,n,03,objective,0.0,0.0,1.0
purple,v,02,objective,0.0,0.0,1.0
surround,v,01,objective,0.0,0.0,1.0
yield,n,02,objective,0.0,0.0,1.0
sex_act,n,01,objective,0.0,0.0,1.0
throw,v,07,objective,0.0,0.0,1.0
jussive_mood,n,01,objective,0.0,0.0,1.0
suspend,v,02,objective,0.0,0.0,1.0
stout,a,03,positive,0.75,0.0,0.25
thud,v,01,objective,0.0,0.0,1.0
canvass,n,03,objective,0.0,0.0,1.0
lousy,a,01,negative,0.0,1.0,0.0
spark,n,06,objective,0.0,0.0,1.0
item,n,03,objective,0.0,0.0,1.0
static,a,03,objective,0.0,0.0,1.0
boot,v,01,objective,0.0,0.0,1.0
condemnable,a,01,negative,0.0,1.0,0.0
desolate,a,02,negative,0.0,1.0,0.0
subsequent,a,01,objective,0.0,0.0,1.0
demand,v,02,objective,0.125,0.125,0.75
arc,n,01,objective,0.0,0.0,1.0
take_a_hop,v,01,objective,0.0,0.0,1.0
centred,n,01,objective,0.0,0.0,1.0
runner,n,06,objective,0.0,0.0,1.0
whoreson,n,02,negative,0.0,1.0,0.0
untrustworthy,a,01,negative,0.0,1.0,0.0
flicker,n,01,objective,0.0,0.0,1.0
approach,n,06,objective,0.13,0.13,0.74
supercharge,v,01,objective,0.0,0.0,1.0
adept,a,01,positive,1.0,0.0,0.0
affliction,n,01,negative,0.0,1.0,0.0
winding-clothes,n,01,objective,0.0,0.0,1.0
permutation,n,01,objective,0.0,0.0,1.0
pliable,a,02,positive,1.0,0.0,0.0
imperative,a,02,objective,0.0,0.0,1.0
professional_dancer,n,01,objective,0.0,0.0,1.0
electric_discharge,n,01,objective,0.0,0.0,1.0
thorax,n,02,objective,0.0,0.0,1.0
put_off,v,03,negative,0.0,1.0,0.0
plane,n,02,objective,0.0,0.0,1.0
trap,n,07,objective,0.0,0.0,1.0
norm,n,02,objective,0.0,0.0,1.0
refinement,n,01,positive,1.0,0.0,0.0
purple,a,01,objective,0.0,0.0,1.0
encircle,v,02,objective,0.0,0.0,1.0
dedicate,v,04,objective,0.0,0.0,1.0
ugly,a,06,negative,0.0,1.0,0.0
volatile,n,01,objective,0.0,0.0,1.0
concern,v,02,objective,0.0,0.0,1.0
hi,n,02,objective,0.0,0.0,1.0
glob,n,01,objective,0.0,0.0,1.0
cadre,n,01,objective,0.0,0.0,1.0
get_along,v,03,positive,1.0,0.0,0.0
misuse,n,01,negative,0.0,1.0,0.0
fudge,v,01,negative,0.0,1.0,0.0
articulatio_talocruralis,n,01,objective,0.0,0.0,1.0
sob,n,02,negative,0.0,1.0,0.0
grampus,n,01,objective,0.0,0.0,1.0
marker,n,03,objective,0.0,0.0,1.0
gallantry,n,01,positive,1.0,0.0,0.0
investiture,n,02,objective,0.0,0.0,1.0
cycle,n,01,objective,0.0,0.0,1.0
uniform,a,02,objective,0.0,0.0,1.0
trigger_off,v,01,objective,0.0,0.0,1.0
misanthropical,a,01,negative,0.0,1.0,0.0
ankle_joint,n,01,objective,0.0,0.0,1.0
ease,v,03,positive,1.0,0.0,0.0
bathe,v,02,positive,0.25,0.0,0.75
transom_window,n,01,objective,0.0,0.0,1.0
suitable,a,04,positive,1.0,0.0,0.0
promote,v,02,positive,1.0,0.0,0.0
yen,v,01,negative,0.0,0.75,0.25
cosy,a,01,positive,1.0,0.0,0.0
term,n,05,objective,0.0,0.0,1.0
draw_close,v,01,positive,0.25,0.0,0.75
thing,n,11,objective,0.375,0.375,0.25
lucille_ball,n,01,objective,0.0,0.0,1.0
wasting,n,02,negative,0.0,1.0,0.0
corn_whisky,n,01,objective,0.0,0.0,1.0
circle,n,03,objective,0.0,0.0,1.0
liquor,n,02,objective,0.0,0.0,1.0
sincere,a,01,positive,1.0,0.0,0.0
tempest,n,01,negative,0.0,1.0,0.0
arc,v,01,objective,0.0,0.0,1.0
pot,n,01,objective,0.0,0.0,1.0
on_an_individual_basis,r,01,objective,0.0,0.0,1.0
rootage,n,03,objective,0.0,0.0,1.0
locoweed,n,02,objective,0.0,0.0,1.0
origin,n,05,objective,0.0,0.0,1.0
illiterate,a,02,negative,0.0,0.25,0.75
mexican_valium,n,01,negative,0.0,1.0,0.0
view,v,03,objective,0.0,0.0,1.0
reject,v,04,negative,0.0,1.0,0.0
woe,n,01,negative,0.0,1.0,0.0
thing,n,01,objective,0.25,0.25,0.5
wiseness,n,01,positive,1.0,0.0,0.0
government_activity,n,01,objective,0.0,0.0,1.0
shit,n,05,negative,0.0,1.0,0.0
feign,v,01,negative,0.0,1.0,0.0
able,a,04,positive,1.0,0.0,0.0
phoney,a,01,negative,0.0,1.0,0.0
vertical,n,02,objective,0.0,0.0,1.0
polish,a,01,objective,0.0,0.0,1.0
together,r,03,objective,0.0,0.0,1.0
rhythm,n,03,objective,0.0,0.0,1.0
mortise_joint,n,01,objective,0.0,0.0,1.0
relation,n,05,objective,0.0,0.0,1.0
term,n,01,objective,0.0,0.0,1.0
tempest,n,02,negative,0.0,0.75,0.25
sensible,a,02,objective,0.0,0.0,1.0
good,a,18,positive,1.0,0.0,0.0
unentitled,a,01,negative,0.0,0.5,0.5
yelp,v,01,objective,0.0,0.0,1.0
cell,n,03,objective,0.0,0.0,1.0
indispensable,a,03,negative,0.0,0.25,0.75
moon_curser,n,01,negative,0.0,1.0,0.0
assessment,n,03,objective,0.0,0.0,1.0
olympian,a,03,positive,1.0,0.0,0.0
deceive,v,02,negative,0.0,1.0,0.0
good-humored,a,01,positive,1.0,0.0,0.0
term,n,07,objective,0.0,0.0,1.0
tale,n,01,objective,0.0,0.0,1.0
discard,v,01,objective,0.13,0.13,0.74
godforsaken,a,02,negative,0.0,1.0,0.0
pall,n,02,objective,0.0,0.0,1.0
bewilder,v,01,negative,0.0,0.75,0.25
long,v,01,objective,0.375,0.375,0.25
journal,n,03,objective,0.0,0.0,1.0
union,a,01,objective,0.0,0.0,1.0
combustion,n,03,objective,0.0,0.0,1.0
the_pits,n,01,negative,0.0,1.0,0.0
terminal_figure,n,01,objective,0.0,0.0,1.0
wonder,n,01,positive,1.0,0.0,0.0
standing,a,04,objective,0.0,0.0,1.0
vex,v,05,negative,0.0,0.75,0.25
repercussion,n,02,objective,0.0,0.0,1.0
nestle,v,01,positive,0.25,0.0,0.75
overpowering,a,01,objective,0.38,0.38,0.24
liquor,n,03,objective,0.0,0.0,1.0
shroud,n,03,objective,0.0,0.0,1.0
word,v,01,objective,0.0,0.0,1.0
horrifying,a,01,negative,0.0,1.0,0.0
nuptials,n,01,objective,0.0,0.0,1.0
monitor_lizard,n,01,objective,0.0,0.0,1.0
ocean,n,01,objective,0.0,0.0,1.0
drab,a,03,negative,0.0,1.0,0.0
boost,v,04,objective,0.0,0.0,1.0
bogus,a,01,negative,0.0,1.0,0.0
actual,a,03,objective,0.25,0.25,0.5
fault,n,05,negative,0.0,1.0,0.0
circle,n,07,objective,0.0,0.0,1.0
bastard,n,01,negative,0.0,1.0,0.0
musical_phrase,n,01,objective,0.0,0.0,1.0
shark,v,02,objective,0.0,0.0,1.0
bubble,n,04,objective,0.0,0.0,1.0
alleviate,v,01,positive,1.0,0.0,0.0
federal_official,n,01,objective,0.0,0.0,1.0
thing,n,12,objective,0.0,0.0,1.0
arch,v,01,objective,0.0,0.0,1.0
safety,n,05,objective,0.0,0.0,1.0
libellous,a,01,negative,0.0,1.0,0.0
together,a,01,positive,1.0,0.0,0.0
catch,n,09,objective,0.0,0.0,1.0
splendor,n,02,positive,1.0,0.0,0.0
religious,a,01,objective,0.0,0.0,1.0
undertaking,n,01,objective,0.0,0.0,1.0
phrase,n,01,objective,0.0,0.0,1.0
guy,n,01,objective,0.25,0.25,0.5
catch,n,04,positive,0.25,0.0,0.75
flat_solid,n,01,objective,0.0,0.0,1.0
arch,n,04,objective,0.0,0.0,1.0
guilt,n,02,negative,0.0,1.0,0.0
sheet,n,02,objective,0.0,0.0,1.0
judgement,n,07,objective,0.0,0.0,1.0
denigratory,a,01,negative,0.0,1.0,0.0
imperative_mood,n,01,objective,0.0,0.0,1.0
one_by_one,r,03,objective,0.0,0.0,1.0
ensnarl,v,01,negative,0.0,0.5,0.5
worth,n,03,objective,0.0,0.0,1.0
resile,v,02,objective,0.0,0.0,1.0
famed,a,01,positive,1.0,0.0,0.0
unspoilt,a,01,positive,1.0,0.0,0.0
boot,n,02,objective,0.0,0.0,1.0
parentage,n,03,objective,0.0,0.0,1.0
examination,n,02,objective,0.0,0.0,1.0
worthy,a,03,positive,1.0,0.0,0.0
unversed,a,01,negative,0.0,0.5,0.5
vex,v,03,negative,0.0,0.25,0.75
applause,n,01,positive,0.5,0.0,0.5
engage,v,10,objective,0.0,0.0,1.0
hot,a,15,positive,1.0,0.0,0.0
abandon,v,03,negative,0.0,0.25,0.75
kick,v,05,objective,0.0,0.0,1.0
electric_cell,n,01,objective,0.0,0.0,1.0
so,r,06,objective,0.0,0.0,1.0
upset,v,03,negative,0.0,1.0,0.0
cattiness,n,01,negative,0.0,1.0,0.0
arch,n,03,objective,0.0,0.0,1.0
kicking,n,02,objective,0.0,0.0,1.0
sensible,a,04,positive,1.0,0.0,0.0
nonfigurative,a,01,objective,0.0,0.0,1.0
source,n,01,objective,0.0,0.0,1.0
inflexible,a,01,objective,0.375,0.375,0.25
roofy,n,01,negative,0.0,1.0,0.0
mesh,n,02,objective,0.0,0.0,1.0
storm,n,02,negative,0.0,1.0,0.0
hanker,v,01,objective,0.375,0.375,0.25
gingery,a,01,objective,0.0,0.0,1.0
bastard,n,02,negative,0.0,1.0,0.0
zenith,n,01,objective,0.0,0.0,1.0
orchis,n,02,objective,0.0,0.0,1.0
dispose,v,02,objective,0.13,0.13,0.74
take,v,09,objective,0.125,0.125,0.75
flummox,v,01,negative,0.0,0.75,0.25
superannuated,a,03,negative,0.0,0.25,0.75
investing,n,01,objective,0.0,0.0,1.0
rush,n,05,positive,1.0,0.0,0.0
purple,a,02,negative,0.0,0.75,0.25
zest,n,02,objective,0.0,0.0,1.0
disbursement,n,01,objective,0.0,0.0,1.0
outline,n,02,objective,0.0,0.0,1.0
phrasal_idiom,n,01,objective,0.0,0.0,1.0
thing,n,09,objective,0.0,0.0,1.0
sweet,a,06,positive,1.0,0.0,0.0
mineworker,n,01,objective,0.0,0.0,1.0
advance,n,02,positive,1.0,0.0,0.0
take_hold_of,v,01,objective,0.0,0.0,1.0
polish,v,03,positive,1.0,0.0,0.0
bozo,n,02,objective,0.25,0.25,0.5
autumn,n,01,objective,0.0,0.0,1.0
go_on,v,03,objective,0.0,0.0,1.0
skilful,a,01,positive,1.0,0.0,0.0
empty,v,03,objective,0.0,0.0,1.0
semantic,a,01,objective,0.0,0.0,1.0
menacing,a,01,negative,0.0,1.0,0.0
raise,v,14,positive,1.0,0.0,0.0
difficulty,n,02,negative,0.0,1.0,0.0
corn,n,05,objective,0.0,0.0,1.0
investment,n,04,objective,0.0,0.0,1.0
principally,r,01,objective,0.0,0.0,1.0
sea_wolf,n,01,objective,0.0,0.0,1.0
rampant,a,01,negative,0.0,1.0,0.0
then,r,01,objective,0.0,0.0,1.0
wisdom,n,04,positive,1.0,0.0,0.0
suspend,v,01,objective,0.0,0.0,1.0
thing,n,02,objective,0.25,0.25,0.5
cameroon,n,01,objective,0.0,0.0,1.0
worthy,a,01,positive,1.0,0.0,0.0
soundness,n,02,positive,1.0,0.0,0.0
roundabout,n,01,objective,0.0,0.0,1.0
requirement,n,01,negative,0.0,0.25,0.75
perforate,v,01,objective,0.0,0.0,1.0
together,r,01,objective,0.0,0.0,1.0
genuine,a,03,objective,0.25,0.25,0.5
lump,n,02,objective,0.0,0.0,1.0
harmful,a,03,negative,0.0,1.0,0.0
require,v,01,objective,0.125,0.125,0.75
accommodate,v,04,objective,0.0,0.0,1.0
over-embellished,a,01,negative,0.0,0.75,0.25
come_on,v,03,positive,1.0,0.0,0.0
practiced,a,01,positive,1.0,0.0,0.0
worthy,a,02,positive,1.0,0.0,0.0
boot,n,06,objective,0.0,0.0,1.0
circle,n,04,objective,0.0,0.0,1.0
crappy,a,01,negative,0.0,1.0,0.0
manipulate,v,03,negative,0.0,1.0,0.0
marvel,v,01,positive,1.0,0.0,0.0
despicable,a,02,negative,0.0,1.0,0.0
real,a,02,objective,0.125,0.125,0.75
aloha_state,n,01,objective,0.0,0.0,1.0
fling,v,04,objective,0.13,0.13,0.74
export,v,02,objective,0.0,0.0,1.0
proficient,a,01,positive,1.0,0.0,0.0
demand,v,03,objective,0.125,0.125,0.75
pot_likker,n,01,objective,0.0,0.0,1.0
cast_aside,v,01,objective,0.13,0.13,0.74
smoothen,v,02,objective,0.0,0.0,1.0
commutation,n,04,objective,0.0,0.0,1.0
reminder,n,03,positive,0.25,0.0,0.75
bed_sheet,n,01,objective,0.0,0.0,1.0
flexible,a,03,positive,1.0,0.0,0.0
wonderment,n,01,positive,1.0,0.0,0.0
polish,n,04,objective,0.0,0.0,1.0
tanginess,n,01,objective,0.0,0.0,1.0
aloud,r,02,objective,0.0,0.0,1.0
elevate,v,01,positive,1.0,0.0,0.0
fervour,n,01,objective,0.38,0.38,0.24
good,a,21,positive,1.0,0.0,0.0
endorse,v,03,positive,0.5,0.0,0.5
hot,a,04,objective,0.0,0.0,1.0
unworthy,a,02,negative,0.0,1.0,0.0
genius,n,02,positive,1.0,0.0,0.0
falsify,v,02,negative,0.0,1.0,0.0
sweet,n,01,objective,0.0,0.0,1.0
imperative,a,01,negative,0.0,0.25,0.75
sheet,n,05,objective,0.0,0.0,1.0
sheet,n,06,objective,0.0,0.0,1.0
bang,n,04,positive,1.0,0.0,0.0
demand,v,04,negative,0.0,0.5,0.5
forsake,v,01,negative,0.0,1.0,0.0
valour,n,01,positive,1.0,0.0,0.0
flush,n,05,positive,1.0,0.0,0.0
100,n,01,objective,0.0,0.0,1.0
perdition,n,01,negative,0.0,1.0,0.0
hot,a,07,positive,1.0,0.0,0.0
ball,n,01,objective,0.0,0.0,1.0
origination,n,01,objective,0.0,0.0,1.0
just,a,04,positive,1.0,0.0,0.0
rearing,n,01,objective,0.0,0.0,1.0
so,r,05,objective,0.0,0.0,1.0
made,a,01,objective,0.0,0.0,1.0
thing,n,03,objective,0.0,0.0,1.0
wooing,n,01,positive,0.75,0.0,0.25
government,n,01,objective,0.0,0.0,1.0
fine,a,01,positive,1.0,0.0,0.0
actuate,v,01,objective,0.0,0.0,1.0
sensitive,a,03,objective,0.0,0.0,1.0
hillside,n,01,objective,0.0,0.0,1.0
engagement,n,06,objective,0.0,0.0,1.0
sexual_congress,n,01,objective,0.0,0.0,1.0
tummy,n,01,objective,0.0,0.0,1.0
image,v,01,objective,0.0,0.0,1.0
pedigree,n,01,objective,0.0,0.0,1.0
fickle,a,01,negative,0.0,1.0,0.0
orcinus_orca,n,01,objective,0.0,0.0,1.0
unknowledgeable,a,01,negative,0.0,1.0,0.0
hearten,v,01,positive,1.0,0.0,0.0
one_hundred,a,01,objective,0.0,0.0,1.0
prosper,v,02,positive,1.0,0.0,0.0
dissemble,v,01,negative,0.0,1.0,0.0
monitor,n,02,objective,0.0,0.0,1.0
government,n,03,objective,0.0,0.0,1.0
beat,v,22,negative,0.0,0.75,0.25
comprehensive,a,02,positive,0.25,0.0,0.75
wherefore,n,01,objective,0.0,0.0,1.0
client,n,01,objective,0.0,0.0,1.0
ugly,a,05,negative,0.0,1.0,0.0
zestfulness,n,01,positive,1.0,0.0,0.0
fruit,n,03,objective,0.0,0.0,1.0
ride_herd_on,v,01,objective,0.125,0.125,0.75
win_over,v,01,positive,0.5,0.0,0.5
grandeur,n,01,positive,1.0,0.0,0.0
corporation,n,02,objective,0.0,0.0,1.0
thud,n,01,objective,0.0,0.0,1.0
round,v,06,positive,1.0,0.0,0.0
misbehavior,n,01,negative,0.0,1.0,0.0
purple,v,01,objective,0.0,0.0,1.0
unhappiness,n,01,negative,0.0,1.0,0.0
rope,n,02,negative,0.0,1.0,0.0
slayer,n,01,negative,0.0,1.0,0.0
atmospheric_static,n,01,objective,0.0,0.0,1.0
volatile,a,02,negative,0.0,0.75,0.25
rescue,v,01,positive,1.0,0.0,0.0
somber,a,02,negative,0.0,0.25,0.75
blaze,n,03,negative,0.0,1.0,0.0
richness,n,02,positive,1.0,0.0,0.0
celebrated,a,01,positive,1.0,0.0,0.0
toss_out,v,01,objective,0.13,0.13,0.74
capable,a,05,positive,1.0,0.0,0.0
researcher,n,01,objective,0.0,0.0,1.0
misanthropic,a,01,negative,0.0,1.0,0.0
